session,title,channel,viewership,uploaded_date,describe,like,url,first_ad,second_ad
2,누군가의 못된 손🤣 [안녕하세요] | KBS 120813 방송,KBS Entertain: 깔깔티비,"조회수 60,050회",2023. 10. 9.,"물풍선 잡듯이..?

- 방송일 : 2012년 08월 13일
- 출연자 : 신동엽, 이영자, 정찬우, 김태균, 정태호, 김준호, 박성호, 홍인규

#안녕하세요 #고민 #사연 #신동엽 #깔깔티비 

다시 돌아온 꿀잼 허니잼 레트로 예능 깔깔티비
재밌게 보셨다면 구독&좋아요 눌러주세요!
   / @kbsentertain_kkalkkal  ",444,https://www.youtube.com/watch?v=u86fU_MWt1Q,brand.naver.com/pigeon,dentium.co.kr
2,절벽 사다리로 3시간 험난한 중국 시골 - [54],캡틴따거 Captain Brother,"조회수 895,927회",2023. 10. 28.,"인터넷에서 이것저것 보던 중에 흥미로워서 가보았지만
유명해진 마을은 여행지로 만들기 위해 철거되어 버렸고
사실 양 옆에 있는 마을들이 진짜 평범한 마을이었는데
알게되었을 땐 이미 늦어버렸습니다
도저히 다시 올라갈 용기가 없더라고요 ㅋㅋㅋ

BGM:
Dirty Front Yards - Share It with the World
Alon Peretz - Peasants Courtyard
Reed Pittman - Closer Than You Think
Leva - The Vortex
Tennessee Pistols - Im on the Move
MooveKa - Busy Day Ahead

#중국 #시골 #절벽마을",20905,https://www.youtube.com/watch?v=lRGA4hlVv3g,,
1,"서브 이중동작 금지, 왜?",KBS 스포츠,"조회수 665,649회",2023. 11. 1.,"최근 프로배구 V리그에서는 이중 동작 서브가 논란의 중심에 섰는데요, 배드민턴 등 다른 종목과 달리 명확하게 서브의 이중 동작을 금지하는 규정이 없었기 때문입니다.  ""허용 가능한 변칙 플레이다""라는 의견도 있었지만, 결국 ""배구의 변질""이라는 지적이 힘을 받으면서 결국 KOVO 남녀부 14개 구단은 이를 금지하기로 합의했습니다.

서브 이중동작 금지, 왜?

#이중동작 #서브 #신사협정 #배구변질 #현대캐피탈 #한전 #대한항공",1076,https://www.youtube.com/watch?v=HNbVaNfJH4c,,
1,#156 중국 / 지구 자전까지 늦춰버린 세계 최대의 댐 가보기,세계는요지경 YOZIGYEONG,"조회수 162,178회",2023. 11. 12.,#중국 #여행유튜버 #싼샤댐 #세계여행 #세계일주,2715,https://www.youtube.com/watch?v=klC4Zpb0fHY,,
2,넥슨에서 나온 신작 FPS 게임,우왁굳의 돚거,"조회수 239,257회",2023. 11. 6.,"#더파이널스 
20231101

돚거로도 부족해? : https://cafe.naver.com/steamindiegame

우왁굳의 게임방송     : https://bit.ly/3UJk0GT
이세계아이돌과 고멤 : https://bit.ly/3Urz5wW
왁타버스 ZERO             : https://bit.ly/3A30Ow6",1409,https://www.youtube.com/watch?v=CRr24ihsUo8,,
2,"시리아 미군기지 의문의 공격...""미군들 다수 사망"" [지금이뉴스] / YTN", YTN,"조회수 167,107회",2023. 11. 13.,"시리아 내 미군기지가 로켓 공격을 받아 미군들이 숨졌다고 러시아 관영 스푸트니크 통신이 레바논 뉴스채널 '알 마야딘'을 인용해 보도했습니다.

보도에 따르면 시리아 동부 알 오마르 유전에 있는 코노코 미군기지가 로켓 15발을 맞았습니다.

현재로서는 공격의 정확한 주체가 누구인지 전해지지 않았습니다.

전날 미국 국방부는 ""이란의 이슬람혁명수비대(IRGC)와 이란 연계 세력들이 이용하고 있는 시리아 동부 기지에 대해 정밀 공습을 단행했다""고 발표했습니다.

국방부는 이번 공습은 이라크와 시리아에 있는 미국에 대한 지속적인 공격에 대응하기 위한 것이며, 구체적으로는 아부 카말과 마야딘 도시 인근의 훈련 시설과 은신처를 공격했다고 밝혔습니다.

미국은 그간 외부 세력의 공격에 미국인이 숨지는 경우 중대사안으로 보고 강경하게 맞대응해온 만큼 보도 내용이 사실이라면 이후 미국의 대응이 주목됩니다.

기자ㅣ류제웅
AI 앵커ㅣY-GO
자막편집ㅣ이 선

#지금이뉴스

▶ 기사 원문 : https://www.ytn.co.kr/_ln/0134_202311...
▶ 제보 하기 : https://mj.ytn.co.kr/mj/mj_write.php

▣ YTN 유튜브 채널 구독 : http://goo.gl/Ytb5SZ

ⓒ YTN 무단 전재, 재배포금지 및 AI 데이터 활용 금지",1380,https://www.youtube.com/watch?v=2oGDbBZYhtM,,
3,동접자 28만명 찍은 미쳐버린 넥슨의 FPS,빅헤드,"조회수 114,277회",2023. 11. 12.,"▼ 게임정보 및 빅헤드정보

멤버십 가입하시면 감사합니다.
https://bit.ly/2GBfExJ

※연락처             : bighead033@naver.com
※트위치방송국 : https://www.twitch.tv/bighead033
※구독하기         : http://goo.gl/oB3WUn
※게임제목         : 더 파이널스
※편집자             : 뻘짓전문
※팬카페             : https://cafe.naver.com/bighead033",1674,https://www.youtube.com/watch?v=LksRchWDXak,,
1,게이머 여러분이 직접 형량을 판단해 주십시오 [GTA 게이머 실형사건 설문 진행 중],김성회의 G식백과,"조회수 600,039회",최초 공개: 2023. 11. 1.,"✔️게이머 형량 설문에 참여해 보세요: https://www.youtube.com/@gsbg/community

📪 Business Contact: SANDBOX NETWORK
🎥 유튜버, 스트리머를 위한 방송세팅: https://www.drgo.pro

✔️당사자(배우가 아닌 변호인)의 요청에 의해, 영화 '부당거래'의 국선변호사 밈짤이 등장하는 장면, 그 국선변호사 배우의 대머리가 건드려지는 장면, 그리고 그 국선변호사의 역할극 장면 등을 잘라냈습니다. 영상 전체의 맥락 및 내용 이해에는 문제가 없습니다만, 시청자 여러분들께 양해 말씀 드립니다.

#GTA #마인크래프트 #사설서버",13396,https://www.youtube.com/watch?v=0zLtVMGJ_d0,,
1,인텔로부터 조립 의뢰가 들어왔습니다. 8K 게이밍 컴퓨터 가능할까요? 인텔 코어 i9-13900KS,뻘짓연구소,"조회수 493,532회",2023. 7. 18.,"·  이 영상은 유료광고를 포함하고 있습니다  ʕ•ﻌ•ʔ

인텔의 고오급 게이밍 끝판왕 CPU, i9-13900K. 얘를 선별해서 클럭을 키워 나온게 i9-13900KS인데요. 참고로 뒤의 S는 스페셜의 약자입니다. 처음 나온건 아니고, 예전에도 몇번 스페셜 에디션이라고 나오긴 했어요. 어쨌든, 얘와 RTX 4090으로 컴퓨터 한대 조립해달라고 인텔로부터 의뢰가 들어왔습니다. 케이스까지 만들어와서요... 이미 대략적인 성능은 다들 아실테니, 마의 영역이라 불리는 8K 환경에서, 2023년 현재 시점으로 게이밍이 어느정도 가능할지 한번 확인해봤습니다. 근데 의외로.. 괜춘?



🚀 뻘짓연구소에게 컨텐츠 추천하기
https://bit.ly/bullslab


▪ Chapter
00:00 조립 의뢰가 들어왔다
00:24 디아블로4 한정판 박스
01:55 사양 소개
03:19 조립 시작
05:11 인텔스럽네 ㅋㅋ
06:04 GPU별 디아4 성능
07:09 8K 게이밍! 오버워치
09:20 8K 게이밍! 디아블로4
12:22 간단 벤치마크


▪ Tag
#인텔 #디아블로4 #8K


▪ 뻘짓연구소
E-MAIL : jay@bullslab.com
INSTAGRAM : 
  / bullslab  
영상 내의 정보 등은 쉬운 이해를 위한 비전문 용어 사용 및 시청 흐름을 위한 생략 · 편집된 부분이 있을 수 있으니 참고 부탁드립니다. 오류 혹은 시청하는데 참고해야 할 사항은 고정 댓글에 기재하고 있습니다.",4251,https://www.youtube.com/watch?v=hWxe2NDDu5U,,
1,"""북한, 보고 있나?""..비밀 무기까지 꺼내 ""종식"" 경고 (이슈라이브) / SBS",SBS 뉴스,"조회수 564,674회",실시간 스트리밍 시작일: 2023. 10. 3.,"75째 국군의 날을 맞아 10년 만에 광화문에서 시가행진이 펼쳐졌습니다. 군은 비밀 무기인 고위력 현무 미사일 등을 처음 공개했습니다. 윤석열 대통령은 현직 대통령으로선 처음으로 시가행진에 참여했는데  북한이 핵을 사용할 경우 북한 정권이 종식될 거라고 경고했습니다. 

#국군의날 #열병식 #현무 #시가행진 

#SBS뉴스 #8뉴스 #실시간 으로 만나 보세요
라이브 뉴스 채널 SBS 모바일24

▶SBS 뉴스로 제보해주세요
홈페이지: https://news.sbs.co.kr
애플리케이션: 'SBS 뉴스' 앱 설치하고 제보
카카오톡: 'SBS 뉴스'와 친구 맺고 채팅
페이스북: 'SBS 뉴스' 검색해 메시지 전송
이메일: sbs8news@sbs.co.kr
문자: # 누르고 6000 
전화: 02-2113-6000

▶SBS 뉴스 채널 구독하기 : https://n.sbs.co.kr/youtube
▶SBS 뉴스 라이브 : https://n.sbs.co.kr/live

Copyright Ⓒ SBS. All rights reserved. 무단 전재, 재배포 및 AI학습 이용 금지",3833,https://www.youtube.com/watch?v=u5FqTyGPlsA,,
