session,title,channel,viewership,uploaded_date,describe,url
7,입만 열면 막말을 해대는 우리 오빠...😢 [안녕하세요] | KBS 120716 방송,KBS Entertain: 깔깔티비,"조회수 75,941회",2023. 9. 20.,"- 서운하겠어요 동생이 ㅠㅠ
- 탈선 방지라도 조금만..!

- 방송일 : 2012년 07월 16일
- 출연자 : 신동엽, 이영자, 정찬우, 김태균, 하춘화, 공형진, 강동호

#안녕하세요 #고민 #사연 #오빠 #동생 #탈선 #막말 #깔깔티비 

다시 돌아온 꿀잼 허니잼 레트로 예능 깔깔티비
재밌게 보셨다면 구독&좋아요 눌러주세요!
   / @kbsentertain_kkalkkal  ",https://www.youtube.com/watch?v=OV8akDeQ77Y
2,누군가의 못된 손🤣 [안녕하세요] | KBS 120813 방송,KBS Entertain: 깔깔티비,"조회수 59,368회",2023. 10. 9.,"물풍선 잡듯이..?

- 방송일 : 2012년 08월 13일
- 출연자 : 신동엽, 이영자, 정찬우, 김태균, 정태호, 김준호, 박성호, 홍인규

#안녕하세요 #고민 #사연 #신동엽 #깔깔티비 

다시 돌아온 꿀잼 허니잼 레트로 예능 깔깔티비
재밌게 보셨다면 구독&좋아요 눌러주세요!
   / @kbsentertain_kkalkkal  ",https://www.youtube.com/watch?v=u86fU_MWt1Q
2,[1박ZIP] 1명이 100명 속이는 1박2일 레전드 몰카🤫 역대 몰래카메라 모음 2탄 | KBS 방송,KBS Entertain: 깔깔티비,"조회수 35,784회",2023. 11. 8.,"#1박2일 #1박ZIP #몰래카메라

📎타임라인📎
00:00 이수근 몰카 | KBS 091213 방송
24:30 김C 몰카 | KBS 071028 방송
44:30 김수미 몰카 | KBS 110529 방송",https://www.youtube.com/watch?v=O9kGXVDceMM
