session,title,channel,viewership,uploaded_date,describe,like,url,first_ad,second_ad
3,누군가의 못된 손🤣 [안녕하세요] | KBS 120813 방송,KBS Entertain: 깔깔티비,"조회수 60,057회",2023. 10. 9.,"물풍선 잡듯이..?

- 방송일 : 2012년 08월 13일
- 출연자 : 신동엽, 이영자, 정찬우, 김태균, 정태호, 김준호, 박성호, 홍인규

#안녕하세요 #고민 #사연 #신동엽 #깔깔티비 

다시 돌아온 꿀잼 허니잼 레트로 예능 깔깔티비
재밌게 보셨다면 구독&좋아요 눌러주세요!
   / @kbsentertain_kkalkkal  ",444,https://www.youtube.com/watch?v=u86fU_MWt1Q,netflix.com,
2,"[뉴스 '꾹'] ""물증도 없이 GD 등 수사했나"" 돌직구 질문에 경찰 해명이.. (2023.11.13/MBC뉴스)",MBCNEWS,"조회수 133,967회",2023. 11. 13.,#지드래곤 #이선균 #경찰,1390,https://www.youtube.com/watch?v=Lb5iaF_3yLg,,
3,파트리샤 말고 '오빠' 라고 부르는 여자가 나타났다,조나단,"조회수 987,370회",2023. 11. 3.,* 이번 영상은 Visa의 유료광고를 포함하고 있습니다,10556,https://www.youtube.com/watch?v=Y8HIGfIOvxI,,
3,우리나라서 가장 큰? 1M솥뚜껑에서 삼겹살?!😳 강화도 꼭대기집 약수터 삼겹살과 포기김치 먹방,tzuyang쯔양,"조회수 2,348,964회",2023. 10. 22.,"각국어 번역 자막 제작 : 
컨텐츠 제작의 마무리는 컨텐츠플라이! 글로벌 진출을 위한 최고의 파트너,
CONTENTSFLY에서 제작되었습니다.
https://www.contentsfly.com

비지니스 메일:gardenm1120@gmail.com",39827,https://www.youtube.com/watch?v=DncejNvRvTM,,
2,[이두나! (Doona!) OST] 드림스윗 (DREAM SWEET) - 네 꿈에 숨어 들어가 (The Whispering Spell) MV,Stone Music Entertainment,"조회수 3,031,602회",2023. 10. 20.,"[이두나! (Doona!) OST] 드림스윗 (DREAM SWEET) - 네 꿈에 숨어 들어가 (The Whispering Spell) MV

넷플릭스 시리즈 〈이두나!〉는 평범한 대학생 원준이 셰어하우스에서 화려한 K-POP 아이돌 시절을 뒤로 하고 은퇴한 두나를 만나게 되며 벌어지는 이야기를 담은 로맨스 드라마다.

[Introduce]
극중에서 “이두나”가 그룹을 탈퇴하기 직전, 가장 스타의 자리에서 활동할 때의 노래로, 극중 실제 공연장면에 등장하는 5인조 걸그룹 노래.
극중 5인조 걸그룹 “드림스윗”의 멤버로 등장하는 수지(Suzy), 고아성. 라치카(리안, 시미즈), 자넷서가 직접 노래를 불렀다.
아이돌 댄스장르의 노래.

[Credit]
Vocal by 드림스윗(수지(Suzy), 고아성, 리안, 시미즈, 자넷서) 
Composed by 남혜승, 김경희
Lyrics by 남혜승, 김경희
Programming by 남혜승, 김경희
Synthesizer by 남혜승
Drum programming by 김경희 
Vocal directed by 김기원, 남혜승, 김경희
Vocal Recorded by 김희재 @ CSMUSIC, 이건호 @Team N Genius
Session recorded by 남혜승 @ SORI NARLY
Mixed by 이건호 @ Team N Genius
Mastered by 권남우 @ 821 Sound Mastering

#이두나 #Doona #드림스윗 #DREAM_SWEET #네꿈에숨어들어가 #The_Whispering_Spell",92058,https://www.youtube.com/watch?v=nEM9fQJpJvg,,
1,넥슨에서 나온 신작 FPS 게임,우왁굳의 돚거,"조회수 239,713회",2023. 11. 6.,"#더파이널스 
20231101

돚거로도 부족해? : https://cafe.naver.com/steamindiegame

우왁굳의 게임방송     : https://bit.ly/3UJk0GT
이세계아이돌과 고멤 : https://bit.ly/3Urz5wW
왁타버스 ZERO             : https://bit.ly/3A30Ow6",1411,https://www.youtube.com/watch?v=CRr24ihsUo8,,
2,1470HP Bugatti Veyron | Forza Horizon 5 | Logitech g29 gameplay,SRT Style,"조회수 6,188,371회",최초 공개: 2023. 2. 25.,"1470HP Bugatti Veyron | Forza Horizon 5 | Logitech g29 gameplay  @srtstyle 

            PC Specification 
Processor: AMD Ryzen 7 5800X
Motherboard: MSI MAG B550M Mortar 
GPU: RTX 3070TI
RAM: 16GB DDR4

                         -- Tags --
#forzahorizon5 #bugatti #logitechg29 

       🙏Thank you for watching 🙏",48772,https://www.youtube.com/watch?v=SPgixVcfiCE,,
1,"버터에 굽는 일식 튀김 스테이크로 대박난?! 월매출 1억 하루 200명 방문하는 소고기 규카츠, 연어덮밥 Japanese beef cutlet - Korean street food",끼룩푸드 seagull food,"조회수 3,264,771회",2023. 7. 7.,"버터에 굽는 일식 튀김 스테이크로 대박난?! 월매출 1억 하루 200명 방문하는 소고기 규카츠, 연어덮밥 Japanese beef cutlet - Korean street food

[부산, 광안리, 소연옥]

♥무료 촬영 문의 seagullfoodkorea@gmail.com 
소상공인분들과 기업에 작은 보탬이 되고자
'모든 촬영은 무료로 진행됩니다.'
많은 제보 부탁드립니다 :)
♥끼룩푸드 구독
https://www.youtube.com/seagullfood?s...

길거리음식, 디저트, 다양한 맛집 음식을 만드는 과정을 소개하는 끼룩푸드입니다 
군침 도는 팅글 ASMR과 영상을 생생하고 재밌게 제공합니다 :) 
시청해주셔서 감사합니다!

💌캐치테이블 예약 ‘소연옥 광안점’
https://app.catchtable.co.kr/ct/shop/...

💌가격(Price)
살치살 규카츠 스테이크: 14,500원
연어덮밥 정식 + 우동: 15,000원
비프멘치카츠 정식+ 우동: 13,500원

💌위치(Location)
https://naver.me/Go5QiQba
부산, 광안리, 소연옥
#규카츠 #스테이크 #부산맛집",22769,https://www.youtube.com/watch?v=7JikxMOHtGE,,
2,'COMEBACK' IVE - Baddie #엠카운트다운 EP.819 | Mnet 231019 방송,Mnet K-POP,"조회수 2,478,491회",2023. 10. 19.,"티빙에서 스트리밍 : https://tving.onelink.me/xHqC/30a78d6f

M COUNTDOWN｜Ep.819
아이브 - 배디 (IVE - Baddie)

World No.1 K-POP Chart Show M COUNTDOWN
Every Thur 6PM(KST) Mnet Live on Air
매주 목요일 저녁 6시 엠넷 생방송

#티빙에서스트리밍",53908,https://www.youtube.com/watch?v=TR1-UpegVeM,,
3,프랑스에서 디저트 팔다 왔습니다. 케이크 장인의 망고 무스케이크 Awesome cake quality! making mango mousse cake - Korean dessert,요미야미 Yummy Yammy,"조회수 2,584,094회",2023. 9. 4.,"로컬음식 및 디저트 길거리음식 소개 채널 
""요미야미 yummy yammy"" 입니다
항상 시청 감사드립니다 😃
Hello This is the ""yummy yammy"" channel.
it is a channel with the purpose of introducing various food and street food
Are you ready to travel together?💖

ℹ️ 정보 Information
프랑스에서 디저트 팔다 왔습니다! 케이크 장인의 망고 무스케이크 -  길거리음식, 한국 디저트
라크초콜릿 쉐프님은 프랑스에서 디저트를 배워 현지에서 디저트를 파시다가
이번에 한국에서 새로 가게를 오픈하게 되었습니다. 다양하고 이쁜 무스케익과 초콜릿을
즐기실수 있는 신상 디저트 가게입니다.
Awesome cake making skills! making mango mousse cake - Korean street food, dessert

💰 가격 Price
망고 케이크 10,900원

🗺️ google map 위치
https://goo.gl/maps/gPMPRoAnxkBrxeo46
부산 수영구 광안로 58-1 1층 
라크초콜릿


💌무료 촬영문의 및 제보 : supeutv@gmail.com
어려운시기에 소상공인분들 및 기업에 보탬이되도록 노력하겠습니다. 편하게 연락주세요😀

🔴본 영상은 유료광고를 포함하고 있지 않습니다",12142,https://www.youtube.com/watch?v=eTZU2zMpxqk,,
