session,title,channel,viewership,uploaded_date,describe,url
2,익스(Ex) - 잘 부탁드립니다 [가사/Lyrics],웅키,"조회수 295,108회",2023. 3. 3.,"익스(Ex) - 잘 부탁드립니다 [가사/Lyrics]

#익스 #Ex #잘부탁드립니다

발매 : 2005.10.18
아티스트 : 익스
앨범 : 2005 MBC 대학가요제
작곡 : 익스, 이상미, 공영준, 박동휘, 방지연, 박광래
작사 : 익스, 이상미, 공영준, 박동휘, 방지연, 박광래
편곡 : 익스, 이상미, 공영준, 박동휘, 방지연, 박광래

해당 영상은 수익 창출이 되지 않으며, 광고와 같은 수익은 저작권 소유자에게 갑니다.
저작권 소유자에 의해 해당 영상이 삭제될 수 있습니다.

오류 제보는 댓글💬부탁합니다.",https://www.youtube.com/watch?v=uwnUd45CtDs
2,"자우림(Jaurim) - 스물다섯, 스물하나 | 가사 (Synced Lyrics)",MusicSalad,"조회수 4,572,532회",2020. 10. 15.,"Artist: 자우림(Jaurim)
Track: 스물다섯, 스물하나
Album: Goodbye, grief.
Release Date: 2013.10.14",https://www.youtube.com/watch?v=R3KtLQylivQ
3,Spring day goes (봄날은 간다),김윤아 - 주제,"조회수 8,047,052회",2019. 11. 1.,"Provided to YouTube by Kakao Entertainment

Spring day goes (봄날은 간다) · Kim Yun A

Shadow Of Your Smile

℗ 2001 Cornerstone,under license to Kakao M Corp.

Released on: 2001-11-20

Auto-generated by YouTube.",https://www.youtube.com/watch?v=LI0NZmRPIG0
