session,title,channel,viewership,uploaded_date,describe,like,url,first_ad,second_ad
1,[#나혼자산다] 석진씨 라멘 진짜 좋아하시네🍜 이 세상에 라멘과 나만 남겨진 것 같이 라멘에 집중하는 라멘아저씨 석진🍥 | #하석진 #라멘 MBC231110방송,엠뚜루마뚜루 : MBC 공식 종합 채널,"조회수 392,518회",2023. 11. 14.,"[나 혼자 산다] 금요일 밤 11시 10분 방송!
MBC의 따끈따끈한 영상을 내 맘대로 편하게 즐기는 채널🌀 
엠뚜루마뚜루 구독하기👉
   / 엠뚜루마뚜루  
#나혼자산다
#엠뚜루마뚜루

* [나 혼자 산다] 풀버전 보러가기
✔ WAVVE : https://www.wavve.com/player/vod?prog...

✔ iMBC : https://playvod.imbc.com/Templete/Vod...",2162,https://www.youtube.com/watch?v=L09A0R0RHd0,store-kr.uniqlo.com,brand.naver.com
2,계층 상승의 희망이 사라졌다.. 일할 의지조차 없어져 버린 일본의 2030 청년들│일본의 '격차세습' 문제로 본 한국의 미래?│청년 니트족│다큐프라임│#골라듄다큐,EBSDocumentary (EBS 다큐),"조회수 696,835회",2023. 11. 17.,"※ 이 영상은 2017년 5월 30일에 방송된 ＜다큐프라임 - 대학 입시의 진실 5부 교육 불평등 연대기＞의 일부입니다.

하류의 자녀는 하류? 계층이 세습되는 일본을 통해 본 한국의 미래!

1억 명 중산층 사회를 표방했던 경제대국 일본. 하지만 현재 일본의 가장 중요한 사회적 키워드는 바로 ‘격차세습’이다. 부모의 학력과 연수입이 자녀에게 유전되는 잔혹한 상관관계! 하류의 자녀는 그대로 하류가 되는 일이 현실로 벌어지고 있다. 일본사회의 활력은 떨어지고 사회 이동성은 현저히 낮아지고 있는 현상은 곧 우리의 현실이 될 것이란 게 전문가들의 진단이다. 사립유치원부터 사립대학 입학 루트를 밟은 부잣집 아이(4억4,240만원)와 공립교육 루트를 밟은 가난한 아이(1억3,450만원)의 교육비는 무려 3배 넘게 차이가 났다. 부모의 경제력에 따라 성적이 낮은 아이도 좋은 대학에 갈 수 있는 기회가 점점 늘어나는 현상은 대한민국에서도 마찬가지. 명문대일수록 부유층 자녀가 70% 이상 차지하고 있다는 충격적인 조사 결과와 함께 부모 경제력에 따른 대학 진학률의 차이(서울대 구인회 교수 연구), 동부산과 서부산의 교육격차(부산대 성병창 교수 연구) 등 대한민국의 교육 불평등의 현주소를 다각도로 살펴보았다.

✔ 프로그램명 : 다큐프라임 - 대학 입시의 진실 5부 교육 불평등 연대기
✔ 방송 일자 : 2017.05.30

#골라듄다큐 #다큐프라임 #청년 #취업 #격차 #격차세습 #일본 #교육 #20대",7208,https://www.youtube.com/watch?v=ejsOleSSJyM,,
2,"[EN] 극 내향인이 돌변하는 순간 (w.박군, 김나희) / 김수용감성 EP.12",M드로메다 스튜디오,"조회수 476,625회",2023. 11. 15.,"인천 여행 가자고 해서 풀메하고 왔는데,,,
봉사하러 끌려간 박군과 김나희,,,
봉사할 수 있어서 너무너무 행복해요,,,

💛김수용감성💛
자타공인 억텐 금지 예능
중년 김수용의 고품격 당일치기 여행
매주 수요일 오후 6시 공개

#김수용 #박군 #김나희 

00:00 다크서클 메이크업
02:42 첫 번째 게스트 김나희
03:39 극 내향인의 이상행동
04:10 두 번째 게스트 박군
04:28 김수 용감성이란?
05:32 오늘의 여행지
07:20 오늘 여행의 숨은 의미
09:19 웃기면 안되는 프로그램
10:36 게임 좋아하세요?
11:07 화합의 현장
12:33 나희가 트로트가수가 된 계기
13:26 박군❤한영 결혼 썰
15:20 오늘의 방송 분량은?
15:46 박군x김나희 축하 무대
16:57 오늘의 메인 메뉴
17:58 오늘의 여행 총평
19:41 개그맨 똥군기 2탄",1593,https://www.youtube.com/watch?v=EA5UiliYY7M,,
