session,title,channel,viewership,uploaded_date,describe,url,first_ad,second_ad
3,누군가의 못된 손🤣 [안녕하세요] | KBS 120813 방송,KBS Entertain: 깔깔티비,"조회수 59,988회",2023. 10. 9.,"물풍선 잡듯이..?

- 방송일 : 2012년 08월 13일
- 출연자 : 신동엽, 이영자, 정찬우, 김태균, 정태호, 김준호, 박성호, 홍인규

#안녕하세요 #고민 #사연 #신동엽 #깔깔티비 

다시 돌아온 꿀잼 허니잼 레트로 예능 깔깔티비
재밌게 보셨다면 구독&좋아요 눌러주세요!
   / @kbsentertain_kkalkkal  ",https://www.youtube.com/watch?v=u86fU_MWt1Q,netflix.com,
1,"결혼을 포기했던 지체장애인 40대 여자에게 운명처럼 나타난 20대 사회복지사, 곱지 않은 사회의 시선도 함께 견디는 부부┃희망풍경┃알고e즘",EBSCulture (EBS 교양),"조회수 533,372회",2023. 11. 11.,"윤복희씨(47)는 만성 류마티스로 몸을 거의 움직일 수 없는 지체장애 1급의 장애인이다. 그런데 일년 전 그녀에게 짝이 생겼다. 그녀보다 무려 15살 연하의 비장애인인 신명환씨, 복희씨가 다니던 야학에서 도우미로 봉사하던 중 사랑을 키웠다고 한다. 두 사람이 결혼에 이르기까지는 어려움이 많았다고 한다. 주위의 곱지 않은 시선 때문에 헤어지려고 마음먹은 적도 여러 번이었다고 한다. 그렇게 어렵게 사랑의 결실을 맺었지만 현실은 여전히 만만치 않다. 가장 큰 고민거리는 무려 15살의 나이 차이, 유난히 어려보이는 명환씨의 외모 때문에 어머니와 아들로 오해 받기 일쑤다. 그래서 명환씨는 틈날 때마다 복희씨의 흰머리 염색과 피부 마시지에 공을 들인다. 또 다른 어려움은 복희씨의 장애다. 결혼을 하면서 명환씨는 가장이자 주부가 됐다. 손가락 움직이는 것이 전부인 복희씨 대신 요리나 청소 같은 집안일은 물론이고 복희씨의 세수며 용변까지 일일이 시중을 들어야 한다.


📺방송정보
📌프로그램명: 희망풍경 - 사랑해요 복희 씨
📌방송일자: 2008년 7월 1일


#희망풍경 #알고e즘 #장애 #장애인 #지체장애 #중증장애 #류마티스 #사회복지사 #부부",https://www.youtube.com/watch?v=aXYJzGJ80xU,,
3,NH 66 എറണാകുളം റീച്ചിൽ നിർമ്മാണ വേഗത അപാരം,Life Purpose,"조회수 1,465회",2023. 11. 10.,,https://www.youtube.com/watch?v=_dgnWakxc3g,,
1,[1박ZIP] 1박2일 레전드의 시작에는 🎬몰래카메라🎬가 함께한다😇 역대 몰카 몰아보기 1탄 | KBS 방송,KBS Entertain: 깔깔티비,"조회수 14,932회",2023. 11. 6.,"#1박2일 #1박ZIP #몰래카메라

📎타임라인📎
00:00 신입PD 몰카 | KBS 080720 방송
19:28 노홍철 몰카 | KBS 070902 방송
43:30 난장판 몰카 | KBS 090719 방송",https://www.youtube.com/watch?v=epIQcK5xGow,,
1,"[#나혼자산다] 상상은 SNS 언니들, 현실은 넷플X스 공포 시리즈 썸네일🤣 나래의 겨울맞이 노천탕 & 나래바 신메뉴😎 | #박나래 #노천탕 #나래바 MBC231110방송",엠뚜루마뚜루 : MBC 공식 종합 채널,"조회수 772,477회",2023. 11. 12.,"[나 혼자 산다] 금요일 밤 11시 10분 방송!
MBC의 따끈따끈한 영상을 내 맘대로 편하게 즐기는 채널🌀 
엠뚜루마뚜루 구독하기👉https://www.youtube.com/c/엠뚜루마뚜루

#나혼자산다
#엠뚜루마뚜루

* [나 혼자 산다] 풀버전 보러가기
✔ WAVVE : https://www.wavve.com/player/vod?prog...

✔ iMBC : https://playvod.imbc.com/Templete/Vod...",https://www.youtube.com/watch?v=yhTQ6A891DU,,
2,[Playlist] 슬슬 연말 분위기를 내볼까요? | 퍼펙트 크리스마스 캐롤 플레이리스트🎄🎅🎁 | Best Christmas Pop Songs Of All Time,essential;,"조회수 1,274,613회",2023. 11. 2.,"Playlist by 벅스PD (벅스 뮤직PD)

*벅스에서 고음질로 감상해보세요!
:: http://bugs.kr/!yt0025

*벅스PD님의 감성이 내 취향이라면!
:: http://bugs.kr/!yt0025pd

better music, better mood

삼성 TV 플러스에서도 essential;을 만나보세요 
24시간 중 어느 때나 TV만 틀어놓으면,
공간의 무드는 essential;이 만들어드릴게요✨

삼성 TV 플러스 essential; by Bugs
✔채널번호 526

#크리스마스 #캐롤 #연말연시 #음악 #플레이리스트 #팝송",https://www.youtube.com/watch?v=a_80o2lDYec,,
2,[LIVE][안녕하세요 크레이지부부 3탄] 사연을 들을 수록 열불이 나는 이영자💢 깔깔 순삭 스트리밍 39화 | KBS 방송,KBS Entertain: 깔깔티비,"조회수 673,204회",최초 공개: 2023. 3. 24.,"📌가족한테 신경을 안써 ㅠㅠ
📌모두들 화목하게 지내봐요!
📌안녕하세요 크레이지부부 3탄! 가족들과 화목하게 함께 즐겨요😉

♦️프로그램 : 안녕하세요
♦️출연진 : 신동엽,이영자,정찬우,김태균,찬열,백현,첸,조이,예리,김영철,박지선,윤형빈,정경미,김경호,신비,문희경,동운,준형,양요섭,이기광

#안녕하세요 #크레이지부부 #레전드 #3탄 #몰아보기

밥 먹을 때 틀어놓는 영상으로 딱~!
깔깔티비 보면 시간 순삭💦
⏩깔깔 순삭 스트리밍⏩으로 웃음 충전 완료🔋

다시 돌아온 꿀잼, 허니잼 레트로 예능 깔깔티비
재밌게 보셨다면 구독&좋아요 눌러주세요!
https://www.youtube.com/channel/UC271...",https://www.youtube.com/watch?v=sKSUdB7HRWs,,
2,왜 여기 계세요? 우연히 만난 노래부르는 이경영의 정체ㅋㅋㅋㅋㅋㅋ l 태군노래자랑,LG헬로비전 헬로tv,"조회수 1,538회",2023. 11. 10.,"어디든 찾아가는 야외노래방
😎태.군.노.래.자.랑😎

🎙매주 수요일 저녁 5시 본방사수 꼭꼭
🎙Hello tv VOD, 티빙, 웨이브, 왓챠에서 보실 수 있습니다

💛좋아요 댓글 구독 알림설정💚
구독👉
   / @hellotv_official  
#태군노래자랑 #박군 #나태주 #노래자랑대회 #노래신동 #트로트신동 #노래방기계 #일반인노래자랑 #라이브 #노래대회 #박군사단 #태주날개 #흥부제 #찔레꽃 #돌리도 #티얼스 #Tears #사랑의배터리 #한많은대동강 #검은행복 #사람이꽃보다아름다워 #김희재 #서지오 #홍진영 #송가인 #윤미래",https://www.youtube.com/watch?v=LiD15zC8BAk,,
3,아름다운 볶음밥 & 라면 마스터 | 놀라운 거대 중국 음식,SugoUma Japan / 일본 음식,"조회수 4,446,408회",2023. 10. 24.,"⬇︎Please 여기에서 내 채널 구독하기
   / @sugoumajapanfood  
두 여대생이 붕괴 직전의 중국 식당을 되살립니다!
소녀들은 식당을 되살리기 위해 다양한 요리 메뉴를 발명했습니다!

중화요리 톤톤
지도→https://maps.app.goo.gl/A41CoM8ZW6izs...
인스타그램→
  / cyuuka1010  
웹→https://cyu-ka-tonton.com

00:00 소개
01:12 아침 준비
05:24 여대생 매니저
06:22 점심 영업 시작
09:17 자이언트 스테이크 볶음밥
11:22 자이언트 햄버거 볶음밥

↓일본 제품 채널의 과정은 여기!
   / @sugowazajapan  
↓여행 채널은 여기!
   / @sugoumajapantravel  
일본 음식 영상을 통해 일본의 매력을 공유하고 싶습니다.
일본을 여행하시는 분들에게 도움이 되는 영상을 전달할 예정이니 많은 구독 부탁드립니다!
(자막은 자동 번역을 사용하므로 오타가 있을 수 있으니 양해 부탁드립니다.)

#중국음식 #프리드리스",https://www.youtube.com/watch?v=M8xdxafesmo,,
2,파트리샤 말고 '오빠' 라고 부르는 여자가 나타났다,조나단,"조회수 971,391회",2023. 11. 3.,* 이번 영상은 Visa의 유료광고를 포함하고 있습니다,https://www.youtube.com/watch?v=Y8HIGfIOvxI,,
