session,title,channel,viewership,uploaded_date,describe,like,url,first_ad,second_ad
1,소스만 뿌리면 쓰레기도 먹을 수 있을 정도?!😮들을수록 신기한 나라마다 다른 식문화｜비정상회담｜JTBC 150406 방송,JTBC Life,"조회수 168,959회",2023. 7. 6.,"눈과 귀를 즐겁게 만드는 각국 전통 음식🥗
상상도 못 한 미국의 식문화부터 
프랑스의 금지 '푸드 포르노'까지!
음식을 대하는 나라별 문화차이는 무엇일까?

#비정상회담 #음식 #문화
--------------------------------------------------
[JTBC라이프] 구독하기
☞ https://me2.kr/qWarv",1092,https://www.youtube.com/watch?v=kiKvYNc4oaU,m.mcdonalds.co.kr,footballmanager.com/ko/buy-fm24
2,오버워치2 경쟁전 풀영상 김톰슨 4경기 20231111,김톰슨 게임채널,조회수 12회,2023. 11. 12.,"협찬/광고/ 문의 : stopthe1@naver.com
안녕하세요 오버워치2 경쟁전 게임 플레이 영상입니다 많은 시청 부탁드려요 유튜브 김톰슨 좋아요 구독 감사합니다

- 후원 -
계좌 : 카카오뱅크 3333055582945 홍종오
도네 : https://toon.at/donate/63631687950165...
트윕 : https://twip.kr/donate/thomsontvv

- SNS -
인스타그램 : https://www.instagram.com/stopthe1
페이스 북 : https://www.facebook.com/thomsontv
네이버 블로그 : https://blog.naver.com/stopthe1
티스토리 블로그 : https://thomsontv.tistory.com

#오버워치2 #경쟁전 #김톰슨",1,https://www.youtube.com/watch?v=Lyc9QqYgGNI,,
1,[1박ZIP] 독서의 계절📚 가을엔🍁? 레전드 of 레전드 가을맞이 독서퀴즈 몰아보기 | KBS 방송,KBS Entertain: 깔깔티비,"조회수 30,204회",2023. 11. 11.,"#1박2일 #1박ZIP #독서퀴즈

📎타임라인📎
00:00 제 1회 가을맞이 독서퀴즈 🍁 | KBS 081019 방송
24:16 제 2회 가을맞이 독서퀴즈 🍂 | KBS 091025 방송",146,https://www.youtube.com/watch?v=s5_vHcZ7X6I,,
3,[자막뉴스] 촉법소년이면 다 용서돼? 분노한 경찰의 이례적 조치 / KBS 2023.11.11.,KBS News,"조회수 357,084회",2023. 11. 11.,"시속 100km가 넘는 도심 추격전.

빨간불도 무시하고 내달립니다.

훔친 차를 타고 도주하다 경찰에 잡힌 운전자는 13살 중학생.

범죄 행위에도 처벌을 받지 않는 촉법소년입니다.

당시에는 형사처벌이 불가능해 풀려났는데 지난 4일, 또 차를 훔쳤습니다.

제주시내 한 상가 주차장에 키가 꽂혀 있던 승용차를 타고 달아난 겁니다.

경찰은 CCTV 분석과 주변인 탐문 등을 통해 PC방에 있던 이 소년을 붙잡았습니다.

경찰 조사 결과 최근 두 달여 동안 이 소년과 연관된 절도 범죄만 15건, 촉법소년은 통상 조사 뒤에 보호자에게 넘기지만, 경찰은 법원으로부터 긴급 동행 영장을 발부받아 반복된 범죄 행각을 이어가는 이 소년을 소년원에 입감 조치했습니다.

앞으로 소년보호재판을 통해 보호처분 여부 등이 결정됩니다.

[최재호/제주동부경찰서 여성청소년과장 : ""반복적이고 상습적으로 범죄를 저지르면서 촉법 소년 제도를 악용하는 소년범에 대해 경종을 울려주는 조치라고 생각합니다.""]

지난해 제주경찰이 법원 소년부에 넘긴 촉법소년 사건은 249건, 1년 새 70% 가까이 급증하면서 지역 사회 문제로 떠오르고 있습니다.

KBS 뉴스 강탁균입니다.

촬영기자:한창희


■ 제보하기
▷ 카카오톡 : 'KBS제보' 검색, 채널 추가
▷ 전화 : 02-781-1234, 4444
▷ 이메일 : kbs1234@kbs.co.kr
▷ 유튜브, 네이버, 카카오에서도 KBS뉴스를 구독해주세요!

#촉법소년 #제주 #소년원",3325,https://www.youtube.com/watch?v=7jOfsgS3OYA,,
1,[배고파_이스탄불_EP.01] 이걸 먹어야 이스탄불에 온 겁니다,백종원 PAIK JONG WON,"조회수 557,643회",2023. 11. 9.,"비행기 내리자마자 가장 먹고 싶었습니다
코코레치 먹으면 제 몸이 아 여기 이스탄불이다!!
재빠르게 적응하거든요~ 아무리 생각해도
저는 전생에 이스탄불 사람이었을지도…

○ 가게 정보
- Çengelköy Kokoreççisi

주소: Çengelköy Mahallesi Çengelköy Caddesi 15/C Üsküdar, İstanbul


#백종원 #배고파 #이스탄불 #코코레치",9329,https://www.youtube.com/watch?v=dC-18ksPWzQ,,
3,[비정상회담][107-2] 이탈리아 VS 독일 ♨축구 자존심♨ 자존심에 스크래치 난 알베르토 (Abnormal Summit),JTBC Voyage,"조회수 991,178회",2019. 11. 14.,"｜ 20160718 비정상회담 EP.107 

〈비정상회담〉 MC들과 멤버들의 꿈이 이루어지다(?)
폴란드 대표 ‘아델라’와 이란 대표 ‘수데’!
첫 여성 비정상회담 대표들과 함께 더욱 풍성해진 〈비정상회담〉!

▶ 〈긴급 비정상회담〉 IS 테러 확산
전세계를 공포에 몰아넣은 극단주의 무장 단체 IS의 테러!
테러단체 소탕 위한 ’파병‘, “필요하다” vs “효과 없다”
멤버들의 불꽃 튀는 찬반 토론부터, 각 나라별 피해상황과 대처법!
한국도 안심할 수 없다? 비정상대표들이 제안하는 테러 대비책은?

▶ 지구상의 반찬타임! ‘뭣이 중헌디!’
각 국 대표들이 소개하는 다양한 이슈로 열띤 ‘찬반’ 토론을 가지는 ‘반찬’ 타임!
폴란드 대표 아델라가 전한 ‘유로 2016’ 훌리건 문제!

훌리건으로 논란 된 국가, ‘실격시켜야!’ vs ’실격은 과도한 처사!’
전 세계 축구팬들 잠 못 들게 한 〈유로 2016〉 만큼 뜨거운,
비정상멤버들의 불꽃튀는 토론전!

▶ “해외에서만 예쁘다는 소리를 듣는 나, 비정상인가요?”
국내는 물론, 해외에서도 인정받는 세계적인 탑모델!
한혜진과 함께 한 글로벌 공감토크!

한혜진의 글로벌 에피소드부터,
미에 대한 다양한 시각차로 벌어진 멤버들의 갑론을박!

나라별, 시대별로 다른 ‘미의 기준’부터
자랑스러운 ‘내 나라’, 그리고 멤버들이 꼽은 ‘한국’의 아름다움까지!
‘미’에 대한 모든 이야기들!",5073,https://www.youtube.com/watch?v=5Y2xU70JbG8,,
3,우리나라서 가장 큰? 1M솥뚜껑에서 삼겹살?!😳 강화도 꼭대기집 약수터 삼겹살과 포기김치 먹방,tzuyang쯔양,"조회수 2,349,112회",2023. 10. 22.,"각국어 번역 자막 제작 : 
컨텐츠 제작의 마무리는 컨텐츠플라이! 글로벌 진출을 위한 최고의 파트너,
CONTENTSFLY에서 제작되었습니다.
https://www.contentsfly.com

비지니스 메일:gardenm1120@gmail.com",39828,https://www.youtube.com/watch?v=DncejNvRvTM,,
1,"단 1명만 생존, 우승 시 신이되는 게임, 도전 하시겠습니까? ⟪헝거게임: 노래하는 새와 뱀의 발라드⟫ 신작 떴다..!",고몽,"조회수 156,217회",2023. 11. 4.,"이 영상엔 유료광고가 포함되어있으며, 영화사 및 한국배급사의 저작권 허가를 받고 제작되었습니다.
This video includes paid advertisements and was produced with copyright permission from film companies and Korean distributors.
#유료광고 #헝거게임 #11월15일대개봉",689,https://www.youtube.com/watch?v=FcxR5mHPMOc,,
1,[#콩콩팥팥] 밭캉스도 식후경 콩국수X제육 먹방부터 야무진 편의점 털이까지 보여주는 멤버덜 ㅋㅋㅋ,디글 클래식 :Diggle Classic,"조회수 1,281,266회",2023. 10. 14.,"콩 심은 데 콩 나고 팥 심은 데 팥 난다

바쁜 도심을 벗어나 한적한 시골로 떠나온 절친 4인방
어느 날 갑자기, 이들에게 땅이 생긴다면?!

코믹 다큐 찐친들의 밭캉스!",11856,https://www.youtube.com/watch?v=xd0JIuD7FzU,,
3,돌아온 뭉순과 벗님들 바캉스🍗💦(feat. 비비큐),MYUNG SUN뭉순임당,"조회수 642,654회",2023. 8. 31.,"#비비큐 #BBQ #갈리시오소

비비큐 신메뉴 갈리시오소 삼인방!!!!
바삭갈릭, 단짠갈릭, 착착갈릭 마늘치킨 먹구 
인간됩시당 ^00^~! (+타르타르 새우튀김 존맛)",12556,https://www.youtube.com/watch?v=QBFMIx_K_qM,,
